combo,n_samples,time_s,MSE_noisy,RMSE_noisy,RRMSE_noisy,SNR_dB_noisy,Spectral_Loss_noisy,MSE_emd,RMSE_emd,RRMSE_emd,SNR_dB_emd,Spectral_Loss_emd,ΔSNR_dB,ΔRRMSE,ΔSpec
emg,4520,118.4,0.7001106769143216,0.8232211615674757,2.193147463494291,-4.999999997920651,6.84108431216626,0.5856990106337894,0.7566331154689039,1.9733888621055984,-4.321623972699652,6.817898605130942,0.6783760252209987,0.21975860138869274,0.02318570703531808
eog,4520,109.4,0.7068711301526137,0.8261987706160355,2.193147463636791,-5.000000001409124,1.764725598476959,0.5757535144422962,0.7463338655693101,1.946731218607132,-4.133019603401132,1.7554788528208052,0.8669803980079926,0.24641624502965898,0.009246745656153799
ecg,4520,117.0,1.4691549692962285,1.1139565696286173,2.1931474617083797,-4.9999999959993175,4.086855049820336,1.4032693756431078,1.0899009224794767,2.1417621967258693,-4.827093858684023,4.0898775056663865,0.17290613731529447,0.05138526498251039,-0.0030224558460503204
emg_eog,4520,125.6,0.8088408044679503,0.8924631577552706,3.0921703032230097,-7.967938398727891,7.591125520668198,0.7748415098517342,0.8733521332355896,3.008227976537062,-7.779537706499512,7.576255591332385,0.18840069222837919,0.08394232668594759,0.014869929335813659
emg_ecg,4520,127.5,1.0158054141410158,0.9934979203429206,3.0994809783562127,-8.000072579020749,8.610341371872783,1.007385956205889,0.9897552455176157,3.0838271813344984,-7.970395709482266,8.607573048256139,0.029676869538483253,0.015653797021714322,0.0027683236166442526
eog_ecg,4520,117.9,1.0338433198004433,1.0007308979754328,3.0941341380445992,-7.963547086510564,4.907948036274288,0.9428958077214461,0.9560991949273142,2.9330978082086427,-7.572812523990858,4.881377100028032,0.3907345625197065,0.1610363298359565,0.02657093624625606
emg_eog_ecg,4520,126.8,0.9998278158955869,0.9920905997505641,3.777386983862341,-9.70375156713864,8.988908493835314,0.9757693774206976,0.9800917222132999,3.7214156638121985,-9.598175863529352,8.979019215782131,0.10557570360928814,0.05597132005014238,0.009889278053183403
