combo,MSE,SpectralLoss,SNR_dB,RRMSE_temporal,RRMSE_spectral,CC
emg,0.04240572825074196,1.6618560552597046,7.810018062591553,0.4564816653728485,0.3220008611679077,0.864715039730072
eog,0.02570166066288948,1.0649877786636353,10.709754943847656,0.3130660355091095,0.18765859305858612,0.9450060129165649
ecg,0.06830168515443802,2.0683305263519287,7.88015604019165,0.4577620029449463,0.3154779374599457,0.8595486879348755
emg_eog,0.027684787288308144,1.240591049194336,7.64280366897583,0.4778563380241394,0.31310656666755676,0.8483397364616394
emg_ecg,0.04642726853489876,1.6896326541900635,6.00712776184082,0.5745245814323425,0.387561559677124,0.7818184494972229
eog_ecg,0.03765915334224701,1.4438345432281494,7.24452543258667,0.5034017562866211,0.3290734887123108,0.8306490778923035
emg_eog_ecg,0.0341414213180542,1.3900535106658936,5.704656600952148,0.6047016382217407,0.394907683134079,0.7629169225692749
