combo,mse_noisy,mse_denoised,rrmse_noisy,rrmse_denoised,snr_improvement_db,spectral_loss_noisy,spectral_loss_denoised,band_delta,band_theta,band_alpha,band_beta,band_gamma,band_high
emg,0.700110673904419,0.35021817684173584,2.1931474208831787,1.3290334939956665,3.1019513607025146,3.3069498538970947,1.1121174097061157,999.8084106445312,282.033447265625,912.54638671875,105.2094497680664,25.55034065246582,19.021011352539062
eog,0.7068710923194885,0.8230220675468445,2.1931474208831787,2.2521440982818604,-0.9322761297225952,0.16967716813087463,0.7808690071105957,7330.94873046875,405.9820861816406,896.4505004882812,106.40363311767578,22.958614349365234,7.013869285583496
ecg,1.4691554307937622,1.4579204320907593,2.1931474208831787,2.0463690757751465,-0.15847651660442352,0.3181832730770111,0.8647169470787048,1867.4111328125,574.1781005859375,1442.1434326171875,175.37350463867188,35.61114501953125,10.128195762634277
emg_eog,0.8088404536247253,0.5622833967208862,3.092170238494873,2.4320054054260254,1.4940885305404663,2.9608330726623535,1.0658546686172485,4669.25634765625,293.6280212402344,550.290771484375,69.90306854248047,19.481731414794922,14.092037200927734
emg_ecg,1.0158056020736694,0.630403995513916,3.0994811058044434,2.272719383239746,2.051593542098999,3.222837209701538,1.1621743440628052,1633.0509033203125,313.0163879394531,688.1517944335938,83.0422592163086,23.17730140686035,17.735206604003906
eog_ecg,1.0338431596755981,0.9693038463592529,3.0941340923309326,2.861255168914795,0.20261633396148682,0.38646194338798523,0.8290578126907349,6006.80908203125,423.6105651855469,691.4127197265625,87.45848846435547,21.502016067504883,7.303433418273926
emg_eog_ecg,0.9998279213905334,0.7086690068244934,3.7773869037628174,3.0400123596191406,1.4755749702453613,2.9377729892730713,1.1336822509765625,4634.78466796875,312.4509582519531,469.6614074707031,61.704410552978516,18.600542068481445,14.324445724487305
