combo,split,n_segments,MSE,RMSE,RRMSE,SNR_dB,SpectralLoss,elapsed_s,seg_per_sec
emg,test,4520,0.7069401741027832,0.8407973647117615,2.180467128753662,-5.1524248123168945,19.837339401245117,211.23,21.4
eog,test,4520,0.6475066542625427,0.8046779632568359,2.054152011871338,-4.689504146575928,5.135100364685059,213.01,21.2
ecg,test,4520,1.417769193649292,1.1907011270523071,2.107630491256714,-4.880852699279785,5.697091579437256,192.97,23.4
emg_eog,test,4520,0.7600881457328796,0.8718303442001343,2.9611222743988037,-7.731492042541504,19.985010147094727,196.84,23.0
emg_ecg,test,4520,0.9695816040039062,0.9846733212471008,2.993269205093384,-7.826168537139893,20.424264907836914,186.22,24.3
eog_ecg,test,4520,0.9463661909103394,0.9728135466575623,2.9179527759552,-7.598494529724121,6.638425827026367,195.82,23.1
emg_eog_ecg,test,4520,0.9296565055847168,0.96418696641922,3.6059060096740723,-9.400622367858887,20.35875701904297,186.19,24.3
